{"cameraMode":{"drawMode":0,"name":"Shaded","section":"Shading Mode"},"sceneLighting":false,"audioPlay":false,"sceneViewState":{"showFog":true,"showMaterialUpdate":false,"showSkybox":true,"showFlares":true,"showImageEffects":true,"showParticleSystems":true},"in2DMode":false,"pivot":{"x":-0.014478921890258789,"y":1.5450000762939454,"z":1.429999828338623},"rotation":{"x":0.11788471788167954,"y":-0.7413718104362488,"z":0.13514454662799836,"w":0.646689236164093},"size":11.431534767150879,"orthographic":false}