{"cameraMode":{"drawMode":0,"name":"Shaded","section":"Shading Mode"},"sceneLighting":true,"audioPlay":false,"sceneViewState":{"showFog":true,"showMaterialUpdate":false,"showSkybox":true,"showFlares":true,"showImageEffects":true,"showParticleSystems":true},"in2DMode":false,"pivot":{"x":0.5663245320320129,"y":1.7660753726959229,"z":1.1061652898788453},"rotation":{"x":0.11788471788167954,"y":-0.7413718104362488,"z":0.13514454662799836,"w":0.646689236164093},"size":8.431532859802246,"orthographic":false}