{"cameraMode":{"drawMode":0,"name":"Shaded","section":"Shading Mode"},"sceneLighting":false,"audioPlay":false,"sceneViewState":{"showFog":true,"showMaterialUpdate":false,"showSkybox":true,"showFlares":true,"showImageEffects":true,"showParticleSystems":true},"in2DMode":false,"pivot":{"x":1.0099999904632569,"y":0.7799999713897705,"z":0.0},"rotation":{"x":0.11788471788167954,"y":-0.7413718104362488,"z":0.13514454662799836,"w":0.646689236164093},"size":3.2658326625823976,"orthographic":false}