{"cameraMode":{"drawMode":0,"name":"Shaded","section":"Shading Mode"},"sceneLighting":false,"audioPlay":false,"sceneViewState":{"showFog":true,"showMaterialUpdate":false,"showSkybox":true,"showFlares":true,"showImageEffects":true,"showParticleSystems":true},"in2DMode":false,"pivot":{"x":-0.01447892002761364,"y":1.5449999570846558,"z":1.0265588760375977},"rotation":{"x":0.11788471788167954,"y":-0.7413718104362488,"z":0.13514454662799836,"w":0.646689236164093},"size":0.28578826785087588,"orthographic":false}