{"cameraMode":{"drawMode":0,"name":"Shaded","section":"Shading Mode"},"sceneLighting":true,"audioPlay":false,"sceneViewState":{"showFog":true,"showMaterialUpdate":false,"showSkybox":true,"showFlares":true,"showImageEffects":true,"showParticleSystems":true},"in2DMode":false,"pivot":{"x":0.10273072123527527,"y":0.5345618724822998,"z":0.29755857586860659},"rotation":{"x":-0.0768423080444336,"y":0.8566049933433533,"z":-0.13368088006973267,"w":-0.49239474534988406},"size":2.0445449352264406,"orthographic":false}