{"cameraMode":{"drawMode":0,"name":"Shaded","section":"Shading Mode"},"sceneLighting":false,"audioPlay":false,"sceneViewState":{"showFog":true,"showMaterialUpdate":false,"showSkybox":true,"showFlares":true,"showImageEffects":true,"showParticleSystems":true},"in2DMode":false,"pivot":{"x":1.117595911026001,"y":0.8300303220748901,"z":0.14988675713539124},"rotation":{"x":-0.0768423080444336,"y":0.8566049933433533,"z":-0.13368088006973267,"w":-0.49239474534988406},"size":5.012449264526367,"orthographic":false}