{"cameraMode":{"drawMode":0,"name":"Shaded","section":"Shading Mode"},"sceneLighting":false,"audioPlay":false,"sceneViewState":{"showFog":true,"showMaterialUpdate":false,"showSkybox":true,"showFlares":true,"showImageEffects":true,"showParticleSystems":true},"in2DMode":false,"pivot":{"x":0.01538260281085968,"y":-0.019843727350234987,"z":0.016072899103164674},"rotation":{"x":-0.0768423080444336,"y":0.8566049933433533,"z":-0.13368088006973267,"w":-0.49239474534988406},"size":1.2403753995895386,"orthographic":false}